{"means": [0.6883651590149924, 0.6781287178107301, 0.010236441204262326, 0.3321820914060311, 0.3383293951980986, -0.006147303792067449, 0.20232488847668922, 0.19795007994654085, 0.004374808530148378, 0.4498686963846632, 0.44945632363868243, 0.0004123727459807739, 1.831882375701296, 1.6066937512091313, 0.22518862449216484, 1.0083188237570129, 0.9319017218030566, 0.07641710195395628, 2.803250145095763, 2.5660669375120913, 0.2371832075836719, 164.27297349584057, -0.07223447475333743, 0.27135035790288253, 0.6581543818920488, 31.121686980073516, 30.463532598181466, -0.05928073128264649, -0.0013693170826078538, 0.05956186883343007, 0.017522189978719283, 18.59124045269878, 18.650521183981425, 1.4936381505126717, 1.4338054362545947, 0.4684490230218611, 0.46981834010446893, 0.5504777519829754, 0.5329555620042561, -0.09729154575353066, 3.3124163281098853, 3.3728496807893213, 0.06062405584518517, 2.3982109312516053, 2.33758687540642, 10.974243967360728, 1.2010679485157754, 1532.4911220416298, 1521.516878074269, 0.02379570516540917, 1.3934997098084736, 1.3697040046430644, 2.646143677049075, 2.629393177274779, 0.016750499774295477, -0.0017724952619190722], "stds": [0.18433675600206842, 0.21142137391354898, 0.2582710692075317, 0.3003102170028799, 0.3349491291178438, 0.4131109798400969, 0.26457882418814105, 0.28972712403686923, 0.3854166869161957, 0.3092776851040891, 0.3460451304172877, 0.44528595642839175, 1.732157237379359, 1.5995627423053824, 2.115538714201373, 1.353873679106816, 1.2502682556864138, 1.828537947192648, 2.300289979682825, 2.207800594932402, 3.0223009824273293, 35.11344088492523, 6.261180981893749, 8.247513422257619, 5.245472834442875, 4.187990524499927, 3.934592330947153, 15.504022501100469, 0.11605889224060152, 1.8142028908981138, 0.8763731634980148, 19.355660515992533, 19.912790687010094, 1.3039388858033134, 1.365398283739927, 0.08369607892203342, 0.08742892359209095, 0.6442226840223141, 0.6554363964398234, 1.5514295158300342, 1.341651191743233, 1.4693309611650414, 0.7223128118018727, 0.5713532104306358, 0.5838445561565079, 61.49911215572704, 16.38325612882403, 51.18228226798057, 48.685457804145976, 2.297056799825806, 1.9451574164530416, 1.579302164679271, 1.4952228133250094, 1.5967024428852488, 2.084153818818751, 0.4457636507149279]}