{
    "means": {
        "RedWinPct": 0.6897825606266641,
        "BlueWinPct": 0.6789285820550152,
        "WinPctDif": 0.01085397857164902,
        "RedKoPct": 0.3334555190468205,
        "BlueKoPct": 0.3515194569351147,
        "KoPctDif": -0.018063937888294176,
        "RedSubPct": 0.1910906811885286,
        "BlueSubPct": 0.18665230711096326,
        "SubPctDif": 0.004438374077565377,
        "RedDecPct": 0.4525355759279917,
        "BlueDecPct": 0.4386934335097376,
        "DecPctDif": 0.013842142418254058,
        "RedLossesByKO": 0.34177215189873417,
        "BlueLossesByKO": 0.3074141048824593,
        "LossesByKODif": 0.034358047016274866,
        "RedLossesBySub": 0.19710669077757687,
        "BlueLossesBySub": 0.188667872212176,
        "LossesBySubDif": 0.008438818565400843,
        "RedLossesByDec": 0.6232670283303194,
        "BlueLossesByDec": 0.564798071127185,
        "LossesByDecDif": 0.05846895720313442,
        "RedWeightLbs": 162.36708860759492,
        "HeightDif": 0.06583484026522024,
        "ReachDif": 0.44553345388788423,
        "AgeDif": 0.6732971669680531,
        "RedAge": 31.608800482218204,
        "BlueAge": 30.935503315250152,
        "SigStrDif": 0.0012055455093429733,
        "StrPctDif": -0.0008016877637130787,
        "TDDif": 0.034370102471368284,
        "SubAttDif": 0.03851717902350813,
        "RedAvgSigStrLanded": 4.105310427968655,
        "BlueAvgSigStrLanded": 4.104104882459313,
        "RedAvgTDLanded": 1.564478601567209,
        "BlueAvgTDLanded": 1.5301084990958407,
        "RedAvgSigStrPct": 0.4694876431585293,
        "BlueAvgSigStrPct": 0.47028933092224234,
        "RedAvgSubAtt": 0.5933092224231464,
        "BlueAvgSubAtt": 0.5547920433996384,
        "SigStrAbsorbedDif": -0.14693791440626885,
        "RedSigStrAbsorbed": 3.6421880650994574,
        "BlueSigStrAbsorbed": 3.789125979505726,
        "AvgRoundsDif": 0.057211899133552506,
        "RedAvgRounds": 2.4095825200460443,
        "BlueAvgRounds": 2.3523706209124917,
        "EloDif": -0.7935336880119305,
        "OpponentEloDif": 1.5618856379615402,
        "RedElo": 1513.6774202236634,
        "BlueElo": 1514.4709539116755,
        "WinStreakDif": 0.055455093429776975,
        "RedCurrentWinStreak": 1.4725738396624473,
        "BlueCurrentWinStreak": 1.4171187462326702,
        "RedFinishL5": 2.04179224432389,
        "BlueFinishL5": 2.1138738195700224,
        "FinishL5Dif": -0.0720815752461322,
        "FinishPctDif": -0.0136255638107288
    },
    "stds": {
        "RedWinPct": 0.1830162880147467,
        "BlueWinPct": 0.20476226394205674,
        "WinPctDif": 0.2560800878207886,
        "RedKoPct": 0.29895994704887685,
        "BlueKoPct": 0.3367252673249622,
        "KoPctDif": 0.4098924382914236,
        "RedSubPct": 0.2512466469543766,
        "BlueSubPct": 0.2747881321926243,
        "SubPctDif": 0.36602935223462146,
        "RedDecPct": 0.30811449402050073,
        "BlueDecPct": 0.34559609698183663,
        "DecPctDif": 0.43171306257954045,
        "RedLossesByKO": 0.6265259562730954,
        "BlueLossesByKO": 0.5989838725978154,
        "LossesByKODif": 0.8168809641165037,
        "RedLossesBySub": 0.4851912569556877,
        "BlueLossesBySub": 0.48232593733257034,
        "LossesBySubDif": 0.6504423572620447,
        "RedLossesByDec": 0.8864195042395858,
        "BlueLossesByDec": 0.8546522712390539,
        "LossesByDecDif": 1.139812837218754,
        "RedWeightLbs": 35.96017356191093,
        "HeightDif": 6.101753200103772,
        "ReachDif": 8.074668327385558,
        "AgeDif": 5.244873329395906,
        "RedAge": 4.180173034952697,
        "BlueAge": 3.8215229800591035,
        "SigStrDif": 1.73655982258762,
        "StrPctDif": 0.09582116705101039,
        "TDDif": 1.8559967836000213,
        "SubAttDif": 0.9410819162818619,
        "RedAvgSigStrLanded": 1.2350350530882102,
        "BlueAvgSigStrLanded": 1.3226692616594178,
        "RedAvgTDLanded": 1.3505188483427273,
        "BlueAvgTDLanded": 1.3762067925668988,
        "RedAvgSigStrPct": 0.06904089560713661,
        "BlueAvgSigStrPct": 0.07170136446931465,
        "RedAvgSubAtt": 0.7277069488999909,
        "BlueAvgSubAtt": 0.6690205895782806,
        "SigStrAbsorbedDif": 1.6212581241513313,
        "RedSigStrAbsorbed": 1.1327643744322713,
        "BlueSigStrAbsorbed": 1.272482737115499,
        "AvgRoundsDif": 0.7309721058289469,
        "RedAvgRounds": 0.6065780372141955,
        "BlueAvgRounds": 0.6602197504775601,
        "EloDif": 29.614009495915287,
        "OpponentEloDif": 14.501180935477024,
        "RedElo": 26.419858397242464,
        "BlueElo": 26.449192504594663,
        "WinStreakDif": 2.3973687267874957,
        "RedCurrentWinStreak": 2.143369735113667,
        "BlueCurrentWinStreak": 1.6172953534098018,
        "RedFinishL5": 2.031840785280451,
        "BlueFinishL5": 2.0901818083237567,
        "FinishL5Dif": 2.659725554342358,
        "FinishPctDif": 0.4338886952280892
    },
    "saved_order": [
        "RedWinPct",
        "BlueWinPct",
        "WinPctDif",
        "RedKoPct",
        "BlueKoPct",
        "KoPctDif",
        "RedSubPct",
        "BlueSubPct",
        "SubPctDif",
        "RedDecPct",
        "BlueDecPct",
        "DecPctDif",
        "RedLossesByKO",
        "BlueLossesByKO",
        "LossesByKODif",
        "RedLossesBySub",
        "BlueLossesBySub",
        "LossesBySubDif",
        "RedLossesByDec",
        "BlueLossesByDec",
        "LossesByDecDif",
        "RedWeightLbs",
        "HeightDif",
        "ReachDif",
        "AgeDif",
        "RedAge",
        "BlueAge",
        "SigStrDif",
        "StrPctDif",
        "TDDif",
        "SubAttDif",
        "RedAvgSigStrLanded",
        "BlueAvgSigStrLanded",
        "RedAvgTDLanded",
        "BlueAvgTDLanded",
        "RedAvgSigStrPct",
        "BlueAvgSigStrPct",
        "RedAvgSubAtt",
        "BlueAvgSubAtt",
        "SigStrAbsorbedDif",
        "RedSigStrAbsorbed",
        "BlueSigStrAbsorbed",
        "AvgRoundsDif",
        "RedAvgRounds",
        "BlueAvgRounds",
        "EloDif",
        "OpponentEloDif",
        "RedElo",
        "BlueElo",
        "WinStreakDif",
        "RedCurrentWinStreak",
        "BlueCurrentWinStreak",
        "RedFinishL5",
        "BlueFinishL5",
        "FinishL5Dif",
        "FinishPctDif"
    ]
}