{"means": [0.687188903420896, 0.6871889034208961, 1.4051762004055139e-18, 0.3293466265413897, 0.3293466265413892, 5.9017400417031584e-18, 0.20125049858494426, 0.20125049858494387, 8.143330647111954e-18, 0.45122139306983294, 0.4512213930698333, -2.4557126930896363e-18, 1.855593056894889, 1.855593056894889, 0.0, 1.0273625843780134, 1.0273625843780134, 0.0, 2.8457087753134043, 2.8457087753134043, 0.0, 165.70732883317262, -4.4537394237614764e-17, -1.7814957695045905e-16, 0.0, 30.5975168756027, 30.5975168756027, 1.3730578872533878e-16, 1.1776714822446213e-18, -5.2607120417086434e-17, -8.029578288031508e-18, 22.1527538452267, 22.152753845226577, 1.4233300265188067, 1.4233300265188054, 0.46499927675988323, 0.46499927675988356, 0.5403527965284475, 0.5403527965284487, -1.543284946959656e-16, 3.372995419479256, 3.372995419479247, 3.417923824605412e-17, 2.3585421276784926, 2.3585421276784846, -1.6609022097227413e-14, 6.303754261323936e-16, 1525.5364162999595, 1525.5364162999467, 0.0, 1.3900675024108005, 1.3900675024108005, 2.6315091610414703, 2.63150916104147, -1.4239118830775874e-17, 1.2847325260850414e-18], "stds": [0.19830329698885996, 0.19830329698886096, 0.2532083116060483, 0.319799190237043, 0.31979919023704323, 0.41490446331413866, 0.2819072558449867, 0.2819072558449869, 0.3928226434642262, 0.3324009729261766, 0.3324009729261764, 0.44754689734728825, 1.719513358830285, 1.7195133588302842, 2.204470779473075, 1.3353363001115788, 1.3353363001115814, 1.8839908194859722, 2.2876683805004996, 2.2876683805005102, 3.0890824020716594, 35.21296517469432, 6.294894940693338, 8.236639400641327, 5.254997162549113, 4.073030119557938, 4.073030119557931, 17.279417302771247, 0.12088561222897094, 1.7474843679975636, 0.8462811735048454, 20.415652570284543, 20.41565257028446, 1.2928995225336226, 1.2928995225336235, 0.08885532648524816, 0.08885532648524781, 0.6318363016305877, 0.6318363016305936, 1.3678924391810783, 1.1836619452996202, 1.183661945299614, 0.7372706158104624, 0.5877703694307552, 0.5877703694307548, 64.7807875477029, 16.450772753363413, 51.097061171441005, 51.09706117144113, 2.138524802691363, 1.7396110404646066, 1.739611040464688, 1.530578206862735, 1.5305782068627458, 2.0447847960889414, 0.44845139756843233]}