{"means": [0.6885671625000235, 0.6780879576771812, 0.010479204822842259, 0.33263350920876894, 0.3386407344974439, -0.00600722528867493, 0.20219693137364275, 0.19784307987354868, 0.004353851500094096, 0.449566365952771, 0.4492712752563241, 0.0002950906964469372, 1.83887171561051, 1.6151468315301392, 0.22372488408037094, 1.007341576506955, 0.9318006182380216, 0.07554095826893353, 2.8004250386398764, 2.564142194744977, 0.23628284389489954, 164.2855486862442, -0.07311823802163854, 0.2690204791344667, 0.6489567233384853, 31.121329211746524, 30.472372488408038, -0.058211379443585745, -0.0013056414219474496, 0.060176835394126736, 0.01782693199381762, 18.57317656491499, 18.631387944358575, 1.4935849304482227, 1.433137615919629, 0.46858442812983, 0.4698900695517774, 0.5507765649149923, 0.5329496329211747, -0.0978323029366306, 3.311750386398763, 3.3732534775888716, 0.060351093151135154, 2.3979667577933124, 2.3376156646421773, 10.995207826393715, 1.2245958494095182, 1532.562364280626, 1521.5671564542322, 0.024922720247295208, 1.393933539412674, 1.3690108191653787, 2.6498422205048944, 2.6329694744976817, 0.01687274600721278, -0.0016533737885808342], "stds": [0.18433527958669577, 0.21134592864778728, 0.2583003904007332, 0.30040916369307746, 0.33495753813046714, 0.4129252819470695, 0.26449633716211773, 0.28959802277317725, 0.3851908725975331, 0.30919134157322054, 0.3459468018471721, 0.44505304256112366, 1.745031532224592, 1.609079513113761, 2.131085095250399, 1.353320449988822, 1.2498010365794896, 1.827863904640212, 2.3003275363564857, 2.207052101386612, 3.0207303487117794, 35.11305421523195, 6.260917859261908, 8.248203053960555, 5.250839970456637, 4.186711822408087, 3.940536794537517, 15.493873545602012, 0.11603007397693256, 1.8139680009877595, 0.8760970996190501, 19.348913151268167, 19.90616617663089, 1.3041412796949126, 1.3648509362325572, 0.08374999262371333, 0.08741025033880133, 0.6446379649503714, 0.6554846243260329, 1.552409721211314, 1.3423241296604296, 1.4697479525213721, 0.7220827810886765, 0.5711888780265858, 0.5836640926746751, 61.501645718426, 16.418061732149315, 51.22508262879845, 48.786912014556826, 2.297846287225416, 1.944743316598147, 1.5791329899292668, 1.496762214410853, 1.597861983136108, 2.0840512056414706, 0.4455307009128486]}